<?xml version="1.0" encoding="UTF-8"?>
<project xmlns="http://maven.apache.org/POM/4.0.0" xmlns:xsi="http://www.w3.org/2001/XMLSchema-instance" xsi:schemaLocation="http://maven.apache.org/POM/4.0.0 http://maven.apache.org/maven-v4_0_0.xsd">
  <modelVersion>4.0.0</modelVersion>
  <groupId>org.opentripplanner</groupId>
  <artifactId>otp</artifactId>
  <name>OpenTripPlanner</name>
  <version>0.18.0</version>
  <url>http://opentripplanner.org/</url>
  <scm>
    <connection>scm:git:http://github.com/opentripplanner/OpenTripPlanner.git</connection>
    <developerConnection>scm:git:ssh://git@github.com/opentripplanner/OpenTripPlanner.git</developerConnection>
    <url>http://github.com/opentripplanner/OpenTripPlanner</url>
  </scm>
  <build>
    <extensions>
      <extension>
        <groupId>org.kuali.maven.wagons</groupId>
        <artifactId>maven-s3-wagon</artifactId>
        <version>1.2.1</version>
      </extension>
    </extensions>
    <resources>
      <resource>
        <filtering>true</filtering>
        <directory>src/main/resources</directory>
      </resource>
      <resource>
        <targetPath>../..</targetPath>
        <filtering>true</filtering>
        <directory>src/scripts</directory>
      </resource>
      <resource>
        <targetPath>client</targetPath>
        <directory>src/client</directory>
      </resource>
    </resources>
    <pluginManagement>
      <plugins>
        <plugin>
          <groupId>org.eclipse.m2e</groupId>
          <artifactId>lifecycle-mapping</artifactId>
          <version>1.0.0</version>
          <configuration>
            <lifecycleMappingMetadata>
              <pluginExecutions>
                <pluginExecution>
                  <pluginExecutionFilter>
                    <groupId>org.apache.maven.plugins</groupId>
                    <artifactId>maven-dependency-plugin</artifactId>
                    <versionRange>[1.0,)</versionRange>
                    <goals>
                      <goal>copy-dependencies</goal>
                    </goals>
                  </pluginExecutionFilter>
                  <action>
                    <ignore />
                  </action>
                </pluginExecution>
              </pluginExecutions>
            </lifecycleMappingMetadata>
          </configuration>
        </plugin>
      </plugins>
    </pluginManagement>
    <plugins>
      <plugin>
        <artifactId>maven-compiler-plugin</artifactId>
        <version>3.1</version>
        <configuration>
          <source>1.8</source>
          <target>1.8</target>
        </configuration>
      </plugin>
      <plugin>
        <artifactId>maven-javadoc-plugin</artifactId>
        <version>2.10.3</version>
        <configuration>
          <additionalparam>-Xdoclint:none</additionalparam>
        </configuration>
      </plugin>
      <plugin>
        <artifactId>maven-release-plugin</artifactId>
        <configuration>
          <preparationGoals>clean verify site</preparationGoals>
        </configuration>
      </plugin>
      <plugin>
        <artifactId>maven-source-plugin</artifactId>
        <executions>
          <execution>
            <id>attach-sources</id>
            <goals>
              <goal>jar</goal>
            </goals>
          </execution>
        </executions>
      </plugin>
      <plugin>
        <artifactId>maven-surefire-plugin</artifactId>
        <version>2.12</version>
        <configuration>
          <argLine>-Xmx2G</argLine>
          <disableXmlReport>false</disableXmlReport>
        </configuration>
      </plugin>
      <plugin>
        <artifactId>maven-shade-plugin</artifactId>
        <version>2.2</version>
        <executions>
          <execution>
            <phase>package</phase>
            <goals>
              <goal>shade</goal>
            </goals>
            <configuration>
              <filters>
                <filter>
                  <artifact>*:*</artifact>
                  <excludes>
                    <exclude>META-INF/*.SF</exclude>
                    <exclude>META-INF/*.DSA</exclude>
                    <exclude>META-INF/*.RSA</exclude>
                  </excludes>
                </filter>
              </filters>
              <shadedArtifactAttached>false</shadedArtifactAttached>
              <transformers>
                <transformer />
                <transformer>
                  <manifestEntries>
                    <Main-Class>org.opentripplanner.standalone.OTPMain</Main-Class>
                    <Specification-Title>Java Advanced Imaging Image I/O
                                            Tools</Specification-Title>
                    <Specification-Version>1.1</Specification-Version>
                    <Specification-Vendor>Sun Microsystems, Inc.</Specification-Vendor>
                    <Implementation-Title>com.sun.media.imageio</Implementation-Title>
                    <Implementation-Version>1.1</Implementation-Version>
                    <Implementation-Vendor>Sun Microsystems, Inc.</Implementation-Vendor>
                    <Extension-Name>com.sun.media.imageio</Extension-Name>
                  </manifestEntries>
                </transformer>
              </transformers>
            </configuration>
          </execution>
        </executions>
      </plugin>
    </plugins>
  </build>
  <repositories>
    <repository>
      <id>central2</id>
      <name>check central first to avoid a lot of not found warnings</name>
      <url>http://repo1.maven.org/maven2</url>
    </repository>
    <repository>
      <id>download.java.net</id>
      <name>Java.net Repository for Maven</name>
      <url>http://download.java.net/maven/2/</url>
    </repository>
    <repository>
      <id>osgeo</id>
      <name>Open Source Geospatial Foundation Repository</name>
      <url>http://download.osgeo.org/webdav/geotools/</url>
    </repository>
    <repository>
      <id>axis</id>
      <name>axis</name>
      <url>http://people.apache.org/repo/m1-ibiblio-rsync-repository/org.apache.axis2/</url>
    </repository>
    <repository>
      <releases />
      <snapshots>
        <enabled>false</enabled>
      </snapshots>
      <id>conveyal</id>
      <name>Conveyal Maven Repository</name>
      <url>http://maven.conveyal.com/</url>
    </repository>
  </repositories>
  <pluginRepositories>
    <pluginRepository>
      <id>opencast-public</id>
      <url>http://repository.opencastproject.org/nexus/content/repositories/public/</url>
    </pluginRepository>
  </pluginRepositories>
  <dependencies>
    <dependency>
      <groupId>junit</groupId>
      <artifactId>junit</artifactId>
      <version>4.8.1</version>
      <scope>test</scope>
    </dependency>
    <dependency>
      <groupId>org.mockito</groupId>
      <artifactId>mockito-all</artifactId>
      <version>1.10.19</version>
      <scope>test</scope>
    </dependency>
    <dependency>
      <groupId>javax.servlet</groupId>
      <artifactId>servlet-api</artifactId>
      <version>2.5</version>
      <scope>provided</scope>
    </dependency>
  </dependencies>
  <reporting>
    <plugins>
      <plugin>
        <artifactId>maven-project-info-reports-plugin</artifactId>
        <version>2.7</version>
        <reportSets>
          <reportSet />
        </reportSets>
      </plugin>
      <plugin>
        <artifactId>maven-javadoc-plugin</artifactId>
        <version>2.10.3</version>
        <configuration>
          <additionalparam>-Xdoclint:none</additionalparam>
        </configuration>
        <reportSets>
          <reportSet>
            <reports>
              <report>aggregate</report>
            </reports>
          </reportSet>
        </reportSets>
      </plugin>
    </plugins>
  </reporting>
  <distributionManagement>
    <repository>
      <id>conveyal-maven-repo</id>
      <name>Conveyal Maven Repository</name>
      <url>s3://maven.conveyal.com/</url>
    </repository>
  </distributionManagement>
  <properties>
    <jackson.version>2.4.3</jackson.version>
    <project.build.sourceEncoding>UTF-8</project.build.sourceEncoding>
    <geotools.version>10.5</geotools.version>
  </properties>
</project>

